source,target,action
9/11 hijackers,local airstrips,took flight lessons at
Aeroflot,Edward Snowden,booked flight for
Al Gore,Jeffrey Epstein,flew as passenger on
Alan M. Dershowitz,Jeffrey Epstein,traveled on aircraft owned by
Alan M. Dershowitz,Jane Doe #3 (HOUSE_OVERSIGHT_010735) (HOUSE_OVERSIGHT_010735),appeared on flight logs alongside but never on same flights as
Alan M. Dershowitz,Jeffrey Epstein,appeared_in_flight_logs_of
Alan M. Dershowitz,"United States District Court, Southern District of Florida",examined flight manifests
Alan M. Dershowitz,Virginia Roberts Giuffre,traveled on flight with
Alan M. Dershowitz,Jeffrey Epstein,traveled on flight with
Alan M. Dershowitz,Ghislaine Maxwell,traveled on flight with
Alan M. Dershowitz,Palm Beach Police Department,provided incomplete flight logs to
Alan M. Dershowitz,Jeffrey Epstein,appeared on flight log with
Alan M. Dershowitz,law enforcement,provided flight logs to
Alan M. Dershowitz,October 2005,appeared on flight log dated
Alan M. Dershowitz,flight on November 20 2005,stated not on flight
Alan M. Dershowitz,Tatiana,traveled on aircraft with
Alan M. Dershowitz,flight logs,produced flight logs
Alan M. Dershowitz,members of Mr. Epstein’s legal team,made sworn declaration referencing plane travel
Alan M. Dershowitz,Ghislaine Maxwell,traveled on flight #1073 with
Alan M. Dershowitz,Emmy Taylor,traveled on flight #1073 with
Alan M. Dershowitz,Claire Hazel,traveled on flight #1073 with
Alan M. Dershowitz,Joel Pashcow,traveled on flight #1073 with
Alan M. Dershowitz,Mandy,traveled on flight #1073 with
Alan M. Dershowitz,Sarah Kellen,traveled on flight #1696 with
Alan M. Dershowitz,Adriana Mucinska,traveled on flight #1843 with
Alan M. Dershowitz,Tatianna Kovylskna,traveled on flight #1843 with
Alan M. Dershowitz,Police Detective Joe Recarey,provided flight logs to
Alan M. Dershowitz,Kiev to meet,flew to
Alan M. Dershowitz,Palm Beach Police Detective Joe Recarey,provided flight logs to
Alan M. Dershowitz,Tatiana,flew with
Alan M. Dershowitz,Tatiana,was on a flight with
Alan M. Dershowitz,Palm Beach Police Department,provided flight logs to
Alan M. Dershowitz,Tatiana,flew_with
Alan M. Dershowitz,Ghislaine Maxwell,flew_with
Alan M. Dershowitz,Jeffrey Epstein,flew_with
Alan M. Dershowitz,federal and state authorities,flew to and met with
Alan M. Dershowitz,Town of Palm Beach,flew to
Alan M. Dershowitz,Jeffrey Epstein,flew on
Alan M. Dershowitz,Jeffrey Epstein,flew to and represented
Alan M. Dershowitz,Jeffrey Epstein,testified that he was not on a plane with
Alan M. Dershowitz,flight logs,asserted that flight logs exonerate him
Alan M. Dershowitz,Jane Doe #3,claimed to prove innocence using flight records
Alireza Ittihadieh,Jeffrey Epstein,provided aircraft contract details
Alireza Ittihadieh,Jeffrey Epstein,reported aircraft portfolio to
Alireza Ittihadieh,G550 aircraft,reported aircraft contract price for G550-5176
Andrew Farkas,Kelly Friendly,has available plane seats to New York
Andrés Pastrana Arango,Jeffrey Epstein,traveled on aircraft with
Bill Clinton,Jeffrey Epstein,traveled with on private plane
Bill Clinton,Jeffrey Epstein,flew on
Bill Clinton,Jeffrey Epstein's private plane,flew on
Bill Clinton,Ghislaine Maxwell,flew with
Bill Clinton,Sarah Kellen,flew with
Bill Clinton,Adriana Mucinska,flew with
Bill Clinton,Jeffrey Epstein,flew as passenger on
Bill Clinton,Jeffrey Epstein,traveled on aircraft with
Bill Clinton,Ghislaine Maxwell,flew with
Bill Clinton,Sarah Kellen,flew with
Bill Clinton,Adriana Mucinska,flew with
Bill Clinton,Jeffrey Epstein,ceased flying on aircraft with
Bill Clinton,Jeffrey Epstein,traveled on aircraft with
Bill Clinton,Jeffrey Epstein,flew with
Bill Clinton,Jeffrey Epstein,flew on private jet of
Bill Clinton,Jeffrey Epstein,flew on airplane of
Bill Clinton,Jeffrey Epstein's aircraft (Lolita Express),flew on private plane
Bill Clinton,Jeffrey Epstein,flew on
Bill Clinton,Jeffrey Epstein,appeared on flight logs of
Bill Clinton,Jeffrey Epstein's jet,flew on
Bill Clinton,Jeffrey Epstein,flew with as passenger on aircraft owned by
Bill Clinton,Jeffrey Epstein,appeared in flight logs of
Bill Clinton,Ghislaine Maxwell,flew with
Bill Clinton,Adriana Mucinska Ross,flew with
Bill Clinton,Ira Magaziner,flew with
Bill Clinton,Rodney Slater,flew with
Bill Clinton,Naomi Campbell,flew with
Bill Clinton,Jeffrey Epstein,flew on jet of
Bill Clinton,Jeffrey Epstein,flew on jet of
Bill Clinton,Jeffrey Epstein,flew on private jet owned by
Bill Clinton,Jeffrey Epstein's jet,took flights on
Bill Clinton,Jeffrey Epstein,flew with
Bill Clinton,Ghislaine Maxwell,flew with
Bill Clinton,Adriana Mucinska Ross,flew with
Bill Clinton,Ira Magaziner,flew with
Bill Clinton,Rodney Slater,flew with
Bill Clinton,Naomi Campbell,flew with
Bill Clinton,Chauntae Davies,flew with
Bill Clinton,Jeffrey Epstein,flew on
Bill Clinton,Jeffrey Epstein,flew on
Bill Clinton,Jeffrey Epstein,flew on private plane of
Bill Clinton,Jeffrey Epstein's private plane,flew on
Bill Clinton,Jeffrey Epstein's private plane,flew on
Bill Clinton,Jeffrey Epstein,traveled on private aircraft owned by
Bill Clinton,Jeffrey Epstein's Boeing 727,flew on
Bill Clinton,Jeffrey Epstein,took trips aboard planes and boats of
Bill Clinton,Jeffrey Epstein,traveled aboard planes and boats of
Bill Clinton,Jeffrey Epstein,flew on plane of
Bill Clinton,Jeffrey Epstein's private jet,flew on
Bill Clinton,Jeffrey Epstein's private jet,flew on
Bill Clinton,Jeffrey Epstein's jet,flew on
Bill Clinton,Jeffrey Epstein,flew on private plane of
Bill Clinton,Jeffrey Epstein,flew on private aircraft owned by
Bill Clinton,Jeffrey Epstein,flew on private jet
Bill Clinton,Jeffrey Epstein's plane,flew on
Carvana Co.,DriveTime,entered aircraft timesharing agreement with
Carvana Co.,DriveTime,amended aircraft timesharing agreement with
Chris Tucker,Jeffrey Epstein,traveled on aircraft with
Dave Rogers,Jeffrey Epstein,provided flight logs as pilot for
Dave Rogers,flight logs,provided flight logs
David Brenner,Monday,considered changing flight
David Edinger,ACJ319 aircraft,led delivery of first green airplane
David Rodgers,Jeffrey Epstein,piloted plane for
David Stern,Jeffrey Epstein,sent follow-up email regarding commercial flight training to
David Stern,Jeffrey Epstein,inquired about commercial flight requirements
David Stern,Jeffrey Epstein,asked about commercial flight training
Detective Michelle Pagan,Jet Aviation,received information about plane presence and coordinated surveillance at
Detective Michelle Pagan,Jeffrey Epstein,informed_about_airplane_location
Donald Trump,Jeffrey Epstein,flew on plane owned by
Donald Trump,the author,offered ride home on plane
Donald Trump,Leon,commented after plane crash
Doug Band,Bill Clinton,accompanied_on_flight
Doug Band,Jeffrey Epstein's jet,accompanied Bill Clinton on flights of
Eben Cassell,Jeffrey Epstein,reviewed flight logs related to
Eben Cassell,Alan M. Dershowitz,identified inconsistencies between flight logs provided by
Ed Boyden,travel agent,attempted to get plane fare refunded from
Edward Snowden,Moscow,boarded flight to
Edward Snowden,Moscow,departed Hong Kong and flew to
Edward Snowden,Moscow,boarded flight to
Edward Snowden,Hong Kong,flew to
Edward Snowden,Moscow,took flight to
Edward Snowden,Moscow,boarded flight to
Edward Snowden,Hong Kong,flew to Hong Kong
Edward Snowden,Hong Kong,boarded_flight_to
Edward Snowden,Aeroflot flight SU213,boarded flight
Edward Snowden,Aeroflot flight to Moscow,boarded_flight
Edward Snowden,Russia,arrived on plane to
Edward Snowden,Hong Kong,flew to
Edward Snowden,Moscow,boarded non-stop flight to
Edward Snowden,Moscow,traveled aboard Aeroflot plane to
Edward Snowden,Hong Kong,flew to
Ehud Barak,Jerusalem,flew to
Ehud Barak,Jeffrey Epstein,traveled on aircraft with
Ehud Barak,Israeli delegation,flew on
Eric Roth,World Wrestling Entertainment,designed and refurbished aircraft
Eric Roth,Donald Trump,designed and customized aircraft
Eric Roth,Donald Trump,reported sale of aircraft to
Eric Roth,Jeffrey Epstein,informed about off‑market aircraft and offered contact with source
Eric Roth,Donald Trump,mentioned sale of aircraft to
Eric Roth,Jeffrey Epstein,requested aircraft details from
Ernest Garcia III,DriveTime,entered into aircraft timesharing agreement with
FBI,Jeffrey Epstein,intercepted aircraft at airport
General Alexander,"Washington, D.C.",flew to
Ghislaine Maxwell,Jeffrey Epstein over 300 times during investigation period,was on flights with
Ghislaine Maxwell,Jeffrey Epstein,flew with
Ghislaine Maxwell,Jane Doe 102,flew
Ghislaine Maxwell,Bill Clinton,flew back
Ghislaine Maxwell,Jeffrey Epstein,traveled on private airplane with
Ghislaine Maxwell,Jeffrey Epstein and narrator,obtained helicopter pilot license and piloted flight with
Ghislaine Maxwell,Lawrence Summers,boarded flight with
Glenn Greenwald,Brazil,flew back to
Glenn Greenwald,Brazil,flew to
Graydon Carter,Bill Clinton,flew
Gregg Launer,Global Express XRS,installed entertainment system in aircraft
Gregg Launer,Wayne Huizenga,installed SkyTheater system in aircraft for
Gregg Launer,Donald Trump,installed entertainment system in aircraft for
Guy Amico,Larry Visoski,sent email about aircraft photos
Harrison,Julian Snowden,booked decoy flights for
Harrison,Julian Snowden,booked decoy flights for
Hillary Rodham Clinton,"approximately 20,000 miles in six days",flew
Hillary Rodham Clinton,Paris,departed on plane from
Hillary Rodham Clinton,80 countries,flew and traveled to
International Jet,Donald Trump,refurbished aircraft for
James Patterson,Australia,flew to
Jeffrey Epstein,Larry Visoski,flew with pilot
Jeffrey Epstein,Bill Clinton,traveled on plane with
Jeffrey Epstein,his plane,turned back onto plane
Jeffrey Epstein,727 airplane,owned aircraft
Jeffrey Epstein,"Air Ghislaine, Inc.",registered ownership of aircraft to
Jeffrey Epstein,Jane Doe 102 (HOUSE_OVERSIGHT_010585),flew internationally with
Jeffrey Epstein,underage girls,used plane for sexual abuse of
Jeffrey Epstein,sexual assaults,traveled on planes in interstate commerce related to
Jeffrey Epstein,"Ghislaine Maxwell, Virginia Roberts, and ET",traveled on private plane with
Jeffrey Epstein,Alan Dershowitz and Tatiana,provided aircraft for travel with
Jeffrey Epstein,Defendant,flew with
Jeffrey Epstein,Virginia L. Giuffre,provided private plane access to
Jeffrey Epstein,Town of Palm Beach,maintained flight operations and aircraft maintenance base at
Jeffrey Epstein,U.S. Virgin Islands,redirected flight to
Jeffrey Epstein,"Bill Clinton, Kevin Spacey, Chris Tucker",chartered private aircraft for
Jeffrey Epstein,interstate commerce,engaged in travel on planes in
Jeffrey Epstein,sexual assaults on underage minors,used plane to facilitate
Jeffrey Epstein,"Prince Andrew, Duke of York",flew internationally to meet
Jeffrey Epstein,Kevin Spacey,flew
Jeffrey Epstein,Chris Tucker,flew
Jeffrey Epstein,Virginia Roberts Giuffre,paid for flight lessons for
Jeffrey Epstein,Bill Clinton,flew
Jeffrey Epstein,Kevin Spacey,flew
Jeffrey Epstein,Virginia Roberts Giuffre,traveled on private airplane with
Jeffrey Epstein,multiple passengers including celebrities and political figures,operated private airplane transporting
Jeffrey Epstein,Bill Clinton,flew
Jeffrey Epstein,"Prince Andrew, Duke of York",flew
Jeffrey Epstein,Bill Clinton,flew
Jeffrey Epstein,Kevin Spacey,flew
Jeffrey Epstein,Bill Clinton,flew
Jeffrey Epstein,Chris Tucker,flew
Jeffrey Epstein,Kevin Spacey,flew
Jeffrey Epstein,Ron Burkle,flew
Jeffrey Epstein,Casey Wasserman,flew
Jeffrey Epstein,Sarah Ransome,arranged flight for
Jeffrey Epstein,Evian water,requested item for aircraft
Jeffrey Epstein,Bill Clinton,flew on private jet to Africa
Jeffrey Epstein,Bill Clinton,flew
Jeffrey Epstein,Kevin Spacey,flew
Jeffrey Epstein,Bill Clinton,flew
Jeffrey Epstein,Kevin Spacey,flew
Jeffrey Epstein,Chris Tucker,flew
Jeffrey Epstein,Ghislaine Maxwell,boarded aircraft with
Jeffrey Epstein,Boeing 727,possessed aircraft including
Jeffrey Epstein,Bill Clinton,used aircraft to transport to Africa
Jeffrey Epstein,Kevin Spacey,used aircraft to transport to Africa
Jeffrey Epstein,Chris Tucker,used aircraft to transport to Africa
Jeffrey Epstein,Virginia,flew
Jeffrey Epstein,Bill Clinton,flew
Jeffrey Epstein,"Air Ghislaine, Inc.",registered planes to
Jeffrey Epstein,Virginia L. Giuffre,provided plane ticket to
Jeffrey Epstein,Bill Clinton,flew to South Africa with
Jeffrey Epstein,Kevin Spacey,flew to South Africa with
Jeffrey Epstein,Chris Tucker,flew to South Africa with
Jeffrey Epstein,Lawrence Henry Summers,hosted on private aircraft
Jeffrey Epstein,three young women,arrived at private aircraft with
Jeffrey Epstein,TED conference,organized flight to
Jeffrey Epstein,private 727 plane,flew on
Jeffrey Epstein,TED conference participants,hosted on private aircraft
Jeffrey Epstein,Thorbjørn Jagland,offered flight to
Jeffrey Epstein,Bill Clinton,provided flights on jets to
Jeffrey Epstein,Alan M. Dershowitz,provided flights on jets to
Jeffrey Epstein,London,allegedly flew victim to
Jeffrey Epstein,dinner event for President Clinton,allegedly flew victims to
Jeffrey Epstein,President Clinton,flew
Jeffrey Epstein,dinner event,allegedly flew for entertainment purposes to
Jeffrey Epstein,Kelly Friendly,offered plane seats via friend
Jeffrey Epstein,TED conference,chartered private plane to transport guests to
Jeffrey Epstein,Bill Clinton,provided private aviation to
Jeffrey Epstein,Saint Thomas,scheduled flight departure from
Jeffrey Epstein,unnamed recipient,offered to send private plane to
Jeffrey Epstein,Tuesday,reported that plane was delayed until
Jeffrey Epstein,flight,provided estimate of flight time
Jeffrey Epstein,Boeing 727,owned aircraft property
Jeffrey Epstein,Bill Clinton,flew
Jeffrey Epstein,Bill Clinton,flew
Jeffrey Epstein,Bill Clinton,transported on aircraft
Jeffrey Epstein,Jean Luc Brunel,transported young girls via private aircraft with
Jeffrey Epstein,Bill Clinton,traveled via private aircraft with
Jeffrey Epstein,RAF Marham,flew Gulfstream to
Jeffrey Epstein,Bill Clinton,flew to Africa
Jeffrey Epstein,Kevin Spacey,flew to Africa
Jeffrey Epstein,Chris Tucker,flew to Africa
Jeffrey Epstein,Joel,informed_about_aircraft_opportunity
Jeffrey Epstein,Benny Shabtai,discussed_plane_investment
Jeffrey Epstein,Tarek El Sayed,offered aircraft sale
Jeffrey Epstein,JEGE Inc.,owned aircraft through
Jeffrey Epstein,Gulfstream jet,flew on
Jeffrey Epstein,Bill Clinton,flew
Jeffrey Epstein,Kevin Spacey,flew
Jeffrey Epstein,Gulfstream and Boeing 727,owned aircraft
Jeffrey Epstein,Bill Clinton,flew
Jeffrey Epstein,"Bill Clinton, Kevin Spacey, Chris Tucker",flew to Africa with
Jeffrey Epstein,Bill Clinton,operated Boeing aircraft with
Jeffrey Epstein,President Clinton,flew two young women to dinner to entertain
Jeffrey Epstein,"Prince Andrew, Duke of York",allegedly flew
Jeffrey Epstein,Bill Clinton,allegedly flew
Jeffrey Epstein,Kelly Friendly,offered flight and car services to
Jeffrey Epstein,Bill Clinton,provided aircraft to
Jeffrey Epstein,Avram Noam Chomsky,arranged plane transport for friend from Athens
Jeffrey Epstein,Barry Cohen,"queried about depreciation rules, renovations, and sale of aircraft"
Jeffrey Epstein,Donald Trump,recounted plane crash involving
Jeffrey Epstein,Palm Beach International Airport,scheduled flight departure from
Jeffrey Epstein,recipient,offered to send plane to pick up
Jeffrey Epstein,United States on Tuesday,indicated flight plans to
Jeffrey Epstein,recipient,asked if recipient could arrange plane pickup
Jeffrey Epstein,7 to 7:30 p.m. wheels up,indicated flight timing of
Jeffrey Epstein,Paris,asked about flight duration to
Jeffrey Epstein,David Stern,inquired about commercial flight and noted presence of
Jeffrey Epstein,Bill Clinton,flew
Jeffrey Epstein,Kevin Spacey,flew
Jeffrey Epstein,Chris Tucker,flew
Jeffrey Epstein,Kelly Friendly,offered flight seat via Andrew Farkas to
Jeffrey Epstein,Bill Clinton,provided aircraft to
Jeffrey Epstein,Boeing B727 aircraft sale transaction,approved counter-offer for aircraft sale
Jeffrey Epstein,Joel,introduced Benny Shabtai's interest in partnering for plane purchase
Jeffrey Epstein,Joel,discussed_aircraft_interest
Julian Assange,Edward Snowden,arranged diversionary flights for
Kathy Gore Walters,Middle East and Central Asian clients,delivering aircraft to
Kathy Ruemmler,Jeffrey Epstein,asked whether business class is sufficient for Dubai flight
Kevin Spacey,Jeffrey Epstein,traveled on aircraft with
Larry Flynt,Paul Krassner,flew to vacation with
Larry Visoki,"Bill Clinton, Prince Andrew, Ehud Barak, Andres Pastrana Arango, Lawrence Summers, Ron Burkle, Kevin Spacey, Chris Tucker",was deposed and testified about plane passengers including
Larry Visoki,Bill Clinton,testified that was passenger on plane with
Larry Visoki,"Prince Andrew, Duke of York",testified that was passenger on plane with
Larry Visoki,Ehud Barak,testified that was passenger on plane with
Larry Visoki,Andrés Pastrana Arango,testified that was passenger on plane with
Larry Visoki,Lawrence Henry Summers,testified that was passenger on plane with
Larry Visoki,Ron Burkle,testified that was passenger on plane with
Larry Visoki,Kevin Spacey,testified that was passenger on plane with
Larry Visoki,Chris Tucker,testified that was passenger on plane with
Larry Visoski,Jeffrey Epstein,piloted aircraft for
Larry Visoski,Jeffrey Epstein,piloted flight with
Larry Visoski,young girls,testified about aircraft passengers in presence of
Larry Visoski,Jeffrey Epstein,made flight reservation for
Larry Visoski,Jeffrey Epstein,provided flight route information to
Larry Visoski,Jeffrey Epstein,communicated flight options to
Larry Visoski,Jeffrey Epstein,proposed aircraft positioning strategy to
Larry Visoski,G550 aircraft,reported on aircraft maintenance including
Larry Visoski,Jeffrey Epstein,informed about TSA restrictions for general aviation while Trump is in PSI
Larry Visoski,St Thomas,scheduled_flight_to
Larry Visoski,Jeffrey Epstein,confirmed flight to
Larry Visoski,Teterboro Airport,offered to relocate aircraft to
Larry Visoski,Je Vacation,requested aircraft certification form
Larry Visoski,Jeffrey Epstein,sent photos of aircraft
Lawrance Visoski,Tarek El Sayed,positioned aircraft to
Lawrance Visoski,Flight Star Maintenance,described aircraft maintenance coordination with
Lawrence Henry Summers,Jeffrey Epstein,traveled on aircraft with
Lawrence M. Krauss,Jeffrey Epstein,explored cheaper flight options and discussed strategy with
Lawrence M. Krauss,Jeffrey Epstein,provided flight cost information to
Lawrence M. Krauss,Chile,cancelled flight to
Lesley Groff,Marilyn,requested flight for
Lesley Groff,Marilyn,suggested flight for
Leslie H. Wexner,Galaxy Aviation,had plane arrive at
Mark L. Epstein,Jeffrey Epstein,testified that Trump flew on plane with
Michael J. Boccio,Boeing,negotiated contracts with aircraft manufacturers and suppliers
Nadia Marcinkova,flight instructor and pilot,operated commercial aviation business as
Naomi Campbell,Jeffrey Epstein,flew as passenger on
Norbert Wiener,anti-aircraft fire targeting,developed techniques for aiming anti-aircraft fire
Norbert Wiener,anti-aircraft fire,developed techniques for aiming anti-aircraft fire
Peggy Siegal,Los Angeles,flew to
President Clinton,Jeffrey Epstein,flew on plane
"Prince Andrew, Duke of York",Jeffrey Epstein,traveled on aircraft with
Professor Dershowitz,Jeffrey Epstein,flew with
Professor Dershowitz,Jeffrey Epstein,flew with
Professor Dershowitz,Jeffrey Epstein,flew with
Richard Ledgett,Hawaii,flew to
Ron Burkle,Jeffrey Epstein,traveled on aircraft with
Russ Adler,Bradley James Edwards,provided flight manifest
Sarah Harrison,Edward Snowden,arranged flight for
Sarah Harrison,Edward Snowden,booked Aeroflot flight to Moscow for
Sarah Harrison,Edward Snowden,departed Hong Kong on same flight as
Sarah Harrison,Edward Snowden,booked decoy flights
Sarah Kellen,Jeffrey Epstein,appears on flight logs with
Sarah Kellen,Bill Clinton,accompanied_on_flight
Scott Rothstein,Jeffrey Epstein,reviewed flight manifests related to
Scott Rothstein,Jeffrey Epstein,used flight manifest information to pitch investors
Sean,Eva,discussed interest in aircraft with
Soon Suey Sing organization,People's Republic of China flag,flew
Tim Ferriss,"Mendoza wine country, Argentina",chartered private plane in
Virginia Roberts Giuffre,Ghislaine Maxwell,was placed on flights with
Virginia Roberts Giuffre,Jeffrey Epstein,testified about sexual conduct aboard airplane with
Virginia Roberts Giuffre,"Chiang Mai, Thailand",flew
Vladimir Putin,Edward Snowden,authorized flight to Moscow and arranged exfiltration of
Vladimir Putin,Edward Snowden,approved flight of
Warren Justice,Gregg Launer,served as chief pilot on aircraft with
Warren Justice,Launer,recounted flight test with
WikiLeaks,Julian Snowden,funded flight for
WikiLeaks,Harrison,funded flight for
al Qaeda terrorists (19 hijackers),"World Trade Center towers, Pentagon, and field in Shanksville",hijacked and crashed airplanes into
document author (attorney),Jeffrey Epstein's summary judgment motion,used flight log evidence to respond to
federal and state authorities,Moscow airport,took Snowden in special operation from airplane at
federal and state authorities,Edward Snowden,extracted from plane and imposed restrictions on
the witness,underage girl,asserted never on private airplane with underage girl
unnamed military commander,El Al,arranged provision of hangar and aircraft for
Barry Cohen,Jeffrey Epstein,requested opinion on switching aviation service
Barry Cohen,Jeffrey Epstein,considered switching from Jet Aviation to EJM and sought opinion
Barry Cohen,Jeffrey Epstein,provided update on aircraft inspection and depreciation constraints
Barry Cohen,Jeffrey Epstein,asked whether jet vs EJM hinges on plane usage
Barry Cohen,Jeffrey Epstein,sought opinion on switching from Jet Aviation to EJM
Barry Cohen,Jeffrey Epstein,proposed adding internet and changing cushions for aircraft
Barry Cohen,Jeffrey Epstein,explained depreciation constraints for aircraft
Barry Cohen,Jeffrey Epstein,asked for opinion on switching from Jet Aviation to EJM
Barry Cohen,Jeffrey Epstein,asked about switching aircraft management provider
Barry Cohen,Jeffrey Epstein,sought_opinion_on_switching_aviation_service
Barry Cohen,Jeffrey Epstein,described aircraft modifications
Larry Summers,Jeffrey Epstein,requested flight time preference from
Jane Doe #3,Jeffrey Epstein,appeared_in_flight_logs_of
Detective Joseph Recarey,Jeffrey Epstein,observed aircraft belonging to
Lawrence Summers,Jeffrey Epstein's jet,flew on
Lawrence Summers,Jeffrey Epstein's jet,flew on
Lawrence Summers,Jeffrey Epstein's jet,flew on
Lawrence Summers,Jeffrey Epstein's jet,flew on
Lawrence Summers,Jeffrey Epstein,flew on jet of
Lawrence Summers,Jeffrey Epstein,flew on jet of
Lawrence Summers,Jeffrey Epstein,flew on jet of
Lawrence Summers,Jeffrey Epstein,flew on private jet owned by
Lawrence Summers,Jeffrey Epstein,flew on
Lawrence Summers,Jeffrey Epstein's jet,flew on
Russian intelligence,Edward Snowden,coordinated flight
producer,Jeffrey Epstein,obtained flight plan
Nicky Haslam,England,flew in from
pilot,Hudson River,glided plane onto
Kuti,Nairobi,redirected flight to
Benny Peled,larger force of 200 men,proposed using four transport planes to ferry
Sandy Berger,Jeffrey Epstein,flew on
Heidi Klum,Jeffrey Epstein,flew as passenger on
Matt Groning,Jeffrey Epstein,flew as passenger on
Owen Wilson,Larry Gagosian,arrived on plane owned by
Bruce Rinehart,Dave Rogers,provided_flight_logs
Bruce Rinehart,Jeffrey Epstein,produced_flight_logs
Company,DriveTime,entered into aircraft sharing agreement with
Andrés Pastrana,Jeffrey Epstein,flew on
Anwar al-Sadat,Israel,flew to
TT,Jeffrey Epstein,offered to send plane
Jerry King,business jet market,discussed executive conversions and green airplane completion
Je vacation,Donald Trump,reported sale price of aircraft owned by
writer,Jeffrey Epstein's private plane N909JE,attempted to delay flight